orderId,name,streetAddress,city,state,zipcode,totalAmount,timestamp,itemsJson
VQSB-250716,Geck Smith,2000 Broadway,San Francisco,California,94115,44.97,1752728570216,"[{""id"":44970 ""quantity"":1 ""productDisplayName"":""Maxima Men White Dial Analog Chronograph Watch"" ""imageURL"":""http://assets.myntassets.com/v1/images/style/properties/80c170d3a8e46c81f22ecebd1f772d32_images.jpg"" ""priceUSD"":""44.97""}]"
PZBD-250717,Geck Smith,2000 Broadway  San Francisco  California 94115,CityName,California,94115,29.85,1752810959855,"[{""id"":8110 ""quantity"":1 ""productDisplayName"":""Fastrack Men Economy 2 Analg Black Watch"" ""imageURL"":""http://assets.myntassets.com/v1/images/style/properties/112edfec7e1965c0f64ad9eb51cac579_images.jpg"" ""priceUSD"":""29.85""}]"
WRBE-250717,Geck Smith,2000 Broadway,San Francisco,California,94115,132.57,1752811973029,"[{""id"":44970 ""quantity"":1 ""productDisplayName"":""Maxima Men White Dial Analog Chronograph Watch"" ""imageURL"":""http://assets.myntassets.com/v1/images/style/properties/80c170d3a8e46c81f22ecebd1f772d32_images.jpg"" ""priceUSD"":""44.97""} {""id"":32335 ""quantity"":1 ""productDisplayName"":""Q&Q Men Silver-Toned Dial Analogue Watch Q252J404Y"" ""imageURL"":""http://assets.myntassets.com/v1/images/style/properties/Q-Q-Men-Silver-Dial-Watch_9bc915bdcff17ce2aa1168cf3a27654e_images.jpg"" ""priceUSD"":""39.75""} {""id"":43164 ""quantity"":1 ""productDisplayName"":""Fastrack Men Black Watch"" ""imageURL"":""http://assets.myntassets.com/v1/images/style/properties/20e55321f145a292edb4cc9776ea1985_images.jpg"" ""priceUSD"":""47.85""}]"
KXIH-250717,Geck Smith,2000 Broadway,San Francisco,California,94115,44.97,1752812353604,"[{""id"":44970 ""quantity"":1 ""productDisplayName"":""Maxima Men White Dial Analog Chronograph Watch"" ""imageURL"":""http://assets.myntassets.com/v1/images/style/properties/80c170d3a8e46c81f22ecebd1f772d32_images.jpg"" ""priceUSD"":""44.97""}]"
KFSW-250719,Geck Smith,2000 Broadway,San Francisco,California,94115,86.82,1752970812323,"[{""id"":44970 ""quantity"":1 ""productDisplayName"":""Maxima Men White Dial Analog Chronograph Watch"" ""imageURL"":""http://assets.myntassets.com/v1/images/style/properties/80c170d3a8e46c81f22ecebd1f772d32_images.jpg"" ""priceUSD"":""44.97""} {""id"":36792 ""quantity"":1 ""productDisplayName"":""Maxima Men Black Dial Attivo Watch"" ""imageURL"":""http://assets.myntassets.com/v1/images/style/properties/9d0dd0e253b33b263398d4bf0e13b4af_images.jpg"" ""priceUSD"":""41.85""}]"
EGJO-250719,Geck Smith,2000 Broadway,San Francisco,California,94115,44.97,1752971152995,"[{""id"":44970 ""quantity"":1 ""productDisplayName"":""Maxima Men White Dial Analog Chronograph Watch"" ""imageURL"":""http://assets.myntassets.com/v1/images/style/properties/80c170d3a8e46c81f22ecebd1f772d32_images.jpg"" ""priceUSD"":""44.97""}]"
HOXQ-250719,Geck Smith,2000 Broadway,San Francisco,California,94115,44.97,1752972292791,"[{""id"":44970 ""quantity"":1 ""productDisplayName"":""Maxima Men White Dial Analog Chronograph Watch"" ""imageURL"":""http://assets.myntassets.com/v1/images/style/properties/80c170d3a8e46c81f22ecebd1f772d32_images.jpg"" ""priceUSD"":""44.97""}]"
VYJI-250719,Geck Smith,2000 Broadway  San Francisco  California 94115,San Francisco,California,94115,84.72,1752975429264,"[{""id"":44970 ""quantity"":1 ""productDisplayName"":""Maxima Men White Dial Analog Chronograph Watch"" ""imageURL"":""http://assets.myntassets.com/v1/images/style/properties/80c170d3a8e46c81f22ecebd1f772d32_images.jpg"" ""priceUSD"":""44.97""} {""id"":32335 ""quantity"":1 ""productDisplayName"":""Q&Q Men Silver-Toned Dial Analogue Watch Q252J404Y"" ""imageURL"":""http://assets.myntassets.com/v1/images/style/properties/Q-Q-Men-Silver-Dial-Watch_9bc915bdcff17ce2aa1168cf3a27654e_images.jpg"" ""priceUSD"":""39.75""}]"
FOPZ-250719,Geck Smith,2000 Broadway,San Francisco,California,94115,44.97,1752975812861,"[{""id"":44970 ""quantity"":1 ""productDisplayName"":""Maxima Men White Dial Analog Chronograph Watch"" ""imageURL"":""http://assets.myntassets.com/v1/images/style/properties/80c170d3a8e46c81f22ecebd1f772d32_images.jpg"" ""priceUSD"":""44.97""}]"
TPZD-250719,Geck Smith,2000 Broadway,San Francisco,California,94115,29.85,1752984781228,"[{""id"":8110 ""quantity"":1 ""productDisplayName"":""Fastrack Men Economy 2 Analg Black Watch"" ""imageURL"":""http://assets.myntassets.com/v1/images/style/properties/112edfec7e1965c0f64ad9eb51cac579_images.jpg"" ""priceUSD"":""29.85""}]"
GDAT-250722,Geck Smith,2000 Broadway,San Francisco,California,94115,29.85,1753245178837,"[{""id"":8110 ""quantity"":1 ""productDisplayName"":""Fastrack Men Economy 2 Analg Black Watch"" ""imageURL"":""http://assets.myntassets.com/v1/images/style/properties/112edfec7e1965c0f64ad9eb51cac579_images.jpg"" ""priceUSD"":""29.85""}]"
EKQS-250726,Geck Smith,2000 Broadway,San Francisco,California,94115,74.82,1753574769121,"[{""id"":44970 ""quantity"":1 ""productDisplayName"":""Maxima Men White Dial Analog Chronograph Watch"" ""imageURL"":""http://assets.myntassets.com/v1/images/style/properties/80c170d3a8e46c81f22ecebd1f772d32_images.jpg"" ""priceUSD"":""44.97""} {""id"":8110 ""quantity"":1 ""productDisplayName"":""Fastrack Men Economy 2 Analg Black Watch"" ""imageURL"":""http://assets.myntassets.com/v1/images/style/properties/112edfec7e1965c0f64ad9eb51cac579_images.jpg"" ""priceUSD"":""29.85""}]"
VTYI-250726,Geck Smith,2000 Broadway  San Francisco  California 94115,San Francisco,California,94115,114.57,1753580904406,"[{""id"":44970 ""quantity"":1 ""productDisplayName"":""Maxima Men White Dial Analog Chronograph Watch"" ""imageURL"":""http://assets.myntassets.com/v1/images/style/properties/80c170d3a8e46c81f22ecebd1f772d32_images.jpg"" ""priceUSD"":""44.97""} {""id"":8110 ""quantity"":1 ""productDisplayName"":""Fastrack Men Economy 2 Analg Black Watch"" ""imageURL"":""http://assets.myntassets.com/v1/images/style/properties/112edfec7e1965c0f64ad9eb51cac579_images.jpg"" ""priceUSD"":""29.85""} {""id"":32335 ""quantity"":1 ""productDisplayName"":""Q&Q Men Silver-Toned Dial Analogue Watch Q252J404Y"" ""imageURL"":""http://assets.myntassets.com/v1/images/style/properties/Q-Q-Men-Silver-Dial-Watch_9bc915bdcff17ce2aa1168cf3a27654e_images.jpg"" ""priceUSD"":""39.75""}]"
UXGI-250726,Geck Smith,2000 Broadway,San Francisco,California,94115,89.94,1753582175517,"[{""id"":44970 ""quantity"":2 ""productDisplayName"":""Maxima Men White Dial Analog Chronograph Watch"" ""imageURL"":""http://assets.myntassets.com/v1/images/style/properties/80c170d3a8e46c81f22ecebd1f772d32_images.jpg"" ""priceUSD"":""44.97""}]"
MVWV-250726,Geck Smith,2000 Broadway,San Francisco,California,94115,44.97,1753582727509,"[{""id"":44970 ""quantity"":1 ""productDisplayName"":""Maxima Men White Dial Analog Chronograph Watch"" ""imageURL"":""http://assets.myntassets.com/v1/images/style/properties/80c170d3a8e46c81f22ecebd1f772d32_images.jpg"" ""priceUSD"":""44.97""}]"
YTXR-250728,Geck Smith,2000 Broadway,San Francisco,California,94115,44.97,1753740644416,"[{""id"":44970 ""quantity"":1 ""productDisplayName"":""Maxima Men White Dial Analog Chronograph Watch"" ""imageURL"":""http://assets.myntassets.com/v1/images/style/properties/80c170d3a8e46c81f22ecebd1f772d32_images.jpg"" ""priceUSD"":""44.97""}]"
MIKP-250728,Geck Smith,2000 Broadway,San Francisco,California,94115,44.97,1753744538870,"[{""id"":44970 ""quantity"":1 ""productDisplayName"":""Maxima Men White Dial Analog Chronograph Watch"" ""imageURL"":""http://assets.myntassets.com/v1/images/style/properties/80c170d3a8e46c81f22ecebd1f772d32_images.jpg"" ""priceUSD"":""44.97""}]"
XFSN-250728,Geck Smith,2000 Broadway  San Francisco  California 94115,San Francisco,California,94115,29.85,1753746693562,"[{""id"":8110 ""quantity"":1 ""productDisplayName"":""Fastrack Men Economy 2 Analg Black Watch"" ""imageURL"":""http://assets.myntassets.com/v1/images/style/properties/112edfec7e1965c0f64ad9eb51cac579_images.jpg"" ""priceUSD"":""29.85""}]"
SIGV-250728,Geck Smith,2000 Broadway  San Francisco  California 94115,San Francisco,California,94115,62.82,1753748118470,"[{""id"":44970 ""quantity"":1 ""productDisplayName"":""Maxima Men White Dial Analog Chronograph Watch"" ""imageURL"":""http://assets.myntassets.com/v1/images/style/properties/80c170d3a8e46c81f22ecebd1f772d32_images.jpg"" ""priceUSD"":""44.97""} {""id"":36766 ""quantity"":1 ""productDisplayName"":""Maxima Men Black Watch"" ""imageURL"":""http://assets.myntassets.com/v1/images/style/properties/244ce269d1bb4273bdf95a427083ef2a_images.jpg"" ""priceUSD"":""17.85""}]"
NLFK-250728,Geck Smith,2000 Broadway,San Francisco,California,94115,44.97,1753761236024,"[{""id"":44970 ""quantity"":1 ""productDisplayName"":""Maxima Men White Dial Analog Chronograph Watch"" ""imageURL"":""http://assets.myntassets.com/v1/images/style/properties/80c170d3a8e46c81f22ecebd1f772d32_images.jpg"" ""priceUSD"":""44.97""}]"
FDBG-250729,Geck Smith,2000 Broadway,San Francisco,California,94115,44.97,1753774455458,"[{""id"":44970 ""quantity"":1 ""productDisplayName"":""Maxima Men White Dial Analog Chronograph Watch"" ""imageURL"":""http://assets.myntassets.com/v1/images/style/properties/80c170d3a8e46c81f22ecebd1f772d32_images.jpg"" ""priceUSD"":""44.97""}]"
THCZ-250729,Geck Smith,2000 Broadway,San Francisco,California,94115,29.85,1753774912067,"[{""id"":8110 ""quantity"":1 ""productDisplayName"":""Fastrack Men Economy 2 Analg Black Watch"" ""imageURL"":""http://assets.myntassets.com/v1/images/style/properties/112edfec7e1965c0f64ad9eb51cac579_images.jpg"" ""priceUSD"":""29.85""}]"
CBBC-250730,Geck Smith,2000 Broadway  San Francisco  California 94115,San Francisco,California,94115,44.97,1753936394620,"[{""id"":44970 ""quantity"":1 ""productDisplayName"":""Maxima Men White Dial Analog Chronograph Watch"" ""imageURL"":""http://assets.myntassets.com/v1/images/style/properties/80c170d3a8e46c81f22ecebd1f772d32_images.jpg"" ""priceUSD"":""44.97""}]"
YYHG-250801,Geck Smith,2000 Broadway,San Francisco,California,94115,13.5,1754090408666,"[{""id"":36761 ""quantity"":1 ""productDisplayName"":""Maxima Men Black Watch"" ""imageURL"":""http://assets.myntassets.com/v1/images/style/properties/c2f94914c3151fa88bc00b924c9bea22_images.jpg"" ""priceUSD"":""13.5""}]"
NMGW-250805,Geck Smith,2000 Broadway,San Francisco,California,94115,44.97,1754460872536,"[{""id"":44970 ""quantity"":1 ""productDisplayName"":""Maxima Men White Dial Analog Chronograph Watch"" ""imageURL"":""http://assets.myntassets.com/v1/images/style/properties/80c170d3a8e46c81f22ecebd1f772d32_images.jpg"" ""priceUSD"":""44.97""}]"
RSPI-250809,Geck Smith,2000 Broadway  San Francisco  California 94115,City Name,California,94115,44.97,1754752780331,"[{""id"":44970 ""quantity"":1 ""productDisplayName"":""Maxima Men White Dial Analog Chronograph Watch"" ""imageURL"":""http://assets.myntassets.com/v1/images/style/properties/80c170d3a8e46c81f22ecebd1f772d32_images.jpg"" ""priceUSD"":""44.97""}]"
PTSW-250809,Geck Smith,2000 Broadway,San Francisco,California,94115,35.85,1754799666465,"[{""id"":15970 ""quantity"":1 ""productDisplayName"":""Turtle Check Men Navy Blue Shirt"" ""imageURL"":""http://assets.myntassets.com/v1/images/style/properties/7a5b82d1372a7a5c6de67ae7a314fd91_images.jpg"" ""priceUSD"":""35.85""}]"
ALDL-250812,Geck Smith,2000 Broadway,San Francisco,California,94115,44.97,1755059044178,"[{""id"":44970 ""quantity"":1 ""productDisplayName"":""Maxima Men White Dial Analog Chronograph Watch"" ""imageURL"":""http://assets.myntassets.com/v1/images/style/properties/80c170d3a8e46c81f22ecebd1f772d32_images.jpg"" ""priceUSD"":""44.97""}]"
CZVM-250812,Geck Smith,2000 Broadway,San Francisco,California,94115,44.97,1755060012832,"[{""id"":44970 ""quantity"":1 ""productDisplayName"":""Maxima Men White Dial Analog Chronograph Watch"" ""imageURL"":""http://assets.myntassets.com/v1/images/style/properties/80c170d3a8e46c81f22ecebd1f772d32_images.jpg"" ""priceUSD"":""44.97""}]"
SJUL-250813,Geck Smith,2000 Broadway  San Francisco  California 94115,San Francisco,California,94115,44.97,1755132172720,"[{""id"":44970 ""quantity"":1 ""productDisplayName"":""Maxima Men White Dial Analog Chronograph Watch"" ""imageURL"":""http://assets.myntassets.com/v1/images/style/properties/80c170d3a8e46c81f22ecebd1f772d32_images.jpg"" ""priceUSD"":""44.97""}]"
PBOV-250907,test,23 Main Street,Redwood Ciety,California,94087,35.85,1757286778249,"[{""id"":15970 ""quantity"":1 ""productDisplayName"":""Turtle Check Men Navy Blue Shirt"" ""imageURL"":""http://assets.myntassets.com/v1/images/style/properties/7a5b82d1372a7a5c6de67ae7a314fd91_images.jpg"" ""priceUSD"":""35.85""}]"
ELBH-250907,Amanda Kim,123 Main Street,Anytown,CA,12345,149.97,1757287404594,"[{""id"":9204 ""quantity"":1 ""productDisplayName"":""Puma Men Future Cat Remix SF Black Casual Shoes"" ""imageURL"":""http://assets.myntassets.com/v1/images/style/properties/051d64772f1b38ff476fbf0a807f365a_images.jpg"" ""priceUSD"":""149.97""}]"
OVDP-250907,Amanda Kim,123 Main Street,Anytown,CA,12345,149.97,1757288034167,"[{""id"":9204 ""quantity"":1 ""productDisplayName"":""Puma Men Future Cat Remix SF Black Casual Shoes"" ""imageURL"":""http://assets.myntassets.com/v1/images/style/properties/051d64772f1b38ff476fbf0a807f365a_images.jpg"" ""priceUSD"":""149.97""}]"
BNRY-250907,Amanda Kim,123 Main Street,Anytown,CA,12345,149.97,1757290488267,"[{""id"":9204 ""quantity"":1 ""productDisplayName"":""Puma Men Future Cat Remix SF Black Casual Shoes"" ""imageURL"":""http://assets.myntassets.com/v1/images/style/properties/051d64772f1b38ff476fbf0a807f365a_images.jpg"" ""priceUSD"":""149.97""}]"
ULNA-250907,Amanda Kim,123 Main Street,Anytown,CA,12345,149.97,1757299240882,"[{""id"":9204 ""quantity"":1 ""productDisplayName"":""Puma Men Future Cat Remix SF Black Casual Shoes"" ""imageURL"":""http://assets.myntassets.com/v1/images/style/properties/051d64772f1b38ff476fbf0a807f365a_images.jpg"" ""priceUSD"":""149.97""}]"
